TV_Budget,Online_Video_Budget,Radio_Budget,Sales,Region_North,Region_South,Region_West
197.85,179.15,74.08,744.0,0,0,0
107.19,93.54,71.75,438.14,0,0,1
203.31,180.09,73.71,748.32,1,0,0
94.73,85.83,82.32,424.14,0,0,1
235.28,210.63,71.74,837.89,0,0,0
117.67,110.37,18.48,430.27,0,0,0
241.09,212.7,93.51,882.78,1,0,0
97.06,86.63,43.2,378.62,1,0,0
292.57,255.05,97.06,1056.33,0,0,0
177.53,153.44,69.77,676.31,0,0,0
138.26,116.48,22.39,478.67,0,1,0
249.49,220.09,15.99,797.23,0,0,0
213.2,187.18,84.19,809.33,0,0,0
227.88,205.4,29.69,744.91,0,0,1
233.17,218.94,96.59,868.15,0,0,0
151.91,135.99,94.23,614.4,1,0,0
256.21,229.06,60.47,877.27,0,0,0
249.15,217.51,58.23,848.92,0,0,1
180.38833684210525,159.63,22.24,571.85,0,1,0
256.7,221.6,51.76,849.45,0,0,1
94.34,88.39,23.99,352.49,0,0,0
77.88,65.16,54.77,333.55,0,1,0
225.02,194.63,13.98,707.48,0,0,1
271.75,245.99,18.74,867.68,0,1,0
114.71,105.63,83.79,490.48,0,0,0
77.53,68.66,87.5,383.67,0,1,0
216.99,195.55,71.52,783.93,0,1,0
158.19,136.17,99.7409,533.68,1,0,0
252.67,222.56,99.7409,919.5,1,0,0
207.08,190.54,43.55,706.49,0,0,1
175.64,151.36,72.51,668.28,0,0,0
143.79,123.22,67.63,536.93,0,0,1
90.6,79.49,88.08,436.71,0,1,0
69.27,62.11,46.38,301.47,0,1,0
162.34,135.07,57.6,611.18,0,1,0
180.38833684210525,244.54,81.37,970.84,1,0,0
180.38833684210525,131.37,92.98,595.74,0,1,0
90.07,81.92,43.28,354.0,1,0,0
167.49,148.56,38.77,586.21,0,1,0
260.01,230.74,37.64,873.19,0,1,0
272.75,245.85,82.22,954.36,0,0,1
168.4,155.41,92.12,659.63,0,1,0
145.61,126.16,19.85,474.99,0,0,1
119.47,110.24,72.23,494.53,0,0,0
158.81,143.41,62.73,586.0,1,0,0
120.74,116.44,89.27,519.67,1,0,0
118.87,115.51,64.85,455.32,1,0,0
245.25,215.41,98.91,889.42,1,0,0
107.92,91.25,55.31,451.09,0,0,0
264.53,242.45,44.7,889.73,0,0,1
62.67,52.36,26.69,248.98,0,0,0
81.25,66.52,17.53,294.98,0,1,0
253.16,227.48,66.09,871.93,0,0,1
98.29,85.01,86.05,436.1,0,0,1
180.52,151.78,73.42,696.13,0,0,0
232.14,212.25,37.43,784.79,1,0,0
214.28,184.88,11.98,690.91,0,1,0
97.23,96.25,16.99,340.13,0,1,0
244.13,225.26,26.97,783.82,0,1,0
277.52,250.79,62.08,953.72,0,1,0
252.54,229.18,49.22,857.28,0,0,0
120.4,106.1,97.81,520.74,0,0,1
192.37,168.94,79.71,733.3,0,1,0
215.39,202.64,27.32,702.98,0,0,1
180.38833684210525,216.57,76.76,851.92,0,0,1
55.3,53.73,45.65,277.48,0,1,0
194.47,170.91,33.02,636.33,0,0,1
229.48,206.96,50.99,776.24,0,1,0
193.75,176.85,75.06,712.56,0,1,0
198.8,176.98,12.31,665.57,0,1,0
180.38833684210525,255.95,43.86,939.51,0,1,0
188.25,176.46,77.81,718.14,0,0,0
128.56,113.63,63.42,522.42,0,1,0
266.01,243.28,88.9,942.49,0,0,0
141.65,129.74,85.56,563.98,0,0,1
73.31,68.91,73.08,371.71,0,1,0
164.25,140.85,49.7,592.49,0,0,0
232.52,203.57,18.56,739.25,0,0,1
232.05,209.38,33.15,771.0,1,0,0
63.85,51.64,67.48,327.96,0,1,0
270.3,249.57,14.99,867.28,0,1,0
291.74,263.73,74.76,1032.82,0,1,0
292.81,267.48,22.6,934.67,1,0,0
200.59,175.61,52.45,684.57,1,0,0
186.68,167.97,16.17,606.78,0,0,1
263.33,240.34,80.72,929.72,0,0,1
190.83,176.03,28.13,633.53,0,0,0
277.59,244.61,12.58,887.14,0,1,0
169.36,157.13,35.27,579.53,0,0,0
157.13,141.65,65.04,587.07,1,0,0
268.28,238.29,26.3,858.54,1,0,0
289.62,254.12,87.34,1036.22,0,1,0
208.76,193.17,33.38,717.65,0,0,0
96.12,90.06,50.03,382.25,1,0,0
238.66,215.17,14.29,790.5,0,0,0
109.07,101.53,35.77,417.29,0,0,0
180.38833684210525,178.85,12.76,636.5,0,0,1
100.13,98.39,41.94,387.31,1,0,0
180.38833684210525,235.07,22.26,852.08,0,1,0
242.88,218.68,29.98,778.74,0,1,0
56.41,51.64,27.14,253.71,0,0,0
64.31,49.59,83.1,336.37,0,0,0
79.03,64.43,77.99,381.92,0,1,0
227.33,208.93,74.75,828.66,0,1,0
243.62,212.54,31.04,819.44,0,0,0
98.85,93.77,67.31,437.28,0,0,0
51.08,37.45,94.78,354.49,0,0,0
273.24,244.89,62.85,938.09,0,0,1
202.23,181.84,46.19,694.49,1,0,0
188.69,167.12,48.59,646.43,0,0,1
101.13,92.59,26.66,382.89,0,1,0
133.92,120.19,95.2,556.22,1,0,0
223.65,201.89,73.34,815.97,0,1,0
106.58,93.07,95.39,482.16,0,0,1
276.29,246.18,44.41,921.71,1,0,0
148.57,137.14,67.97,578.17,0,0,1
188.29,173.88,29.17,618.6,0,0,1
190.3,169.98,97.97,758.3,0,1,0
222.33,198.4,51.66,763.5,0,0,1
81.91,83.78,17.1,281.36,0,1,0
248.72,220.58,63.41,875.19,0,1,0
133.78,111.89,67.13,513.05,0,0,1
187.37,167.56,44.12,670.78,0,0,0
180.38833684210525,111.84,13.43,432.64,1,0,0
294.53,263.51,69.91,1016.25,0,0,0
184.29,178.4,86.69,712.75,1,0,0
51.27,39.04,39.23,244.75,1,0,0
261.58,239.96,55.37,891.0,0,1,0
282.36,253.88,53.33,927.22,0,0,1
161.93,145.09,32.06,572.14,0,1,0
100.36,91.41,23.16,341.31,0,0,1
193.64,169.75,67.15,689.07,1,0,0
71.44,68.45,65.4,335.64,1,0,0
270.44,239.17,84.39,953.51,1,0,0
180.38833684210525,232.23,22.86,798.91,0,0,1
87.31,88.54,44.74,331.28,0,0,1
173.58,165.0,39.51,589.99,0,0,1
98.11,86.35,13.07,348.78,0,0,0
160.49,143.18,38.77,538.49,0,0,1
201.68,183.56,69.83,732.83,0,0,0
273.52,246.75,18.51,884.85,0,1,0
94.38,83.35,37.67,375.87,0,1,0
178.79,163.66,45.41,613.6,0,0,1
199.83,184.34,14.95,651.53,0,0,0
185.98,163.56,28.76,630.1,1,0,0
57.95,55.38,63.64,293.53,1,0,0
57.62,48.82,94.36,361.28,0,0,0
257.76,232.11,72.25,892.67,0,1,0
297.84,269.39,24.12,948.73,0,0,1
236.9,218.53,80.65,852.33,0,0,1
284.65,246.2,10.29,902.8,0,1,0
257.17,230.06,15.28,824.62,0,0,0
247.38,216.12,50.11,846.88,0,1,0
114.94,98.43,44.58,405.42,1,0,0
297.84009999999995,269.8575,89.95,1051.86,0,0,1
202.21,178.69,71.06,747.62,0,0,0
180.38833684210525,269.8575,85.27,1042.51,0,1,0
107.7,93.03,37.09,400.19,0,1,0
168.08,152.22,19.81,575.6,0,1,0
194.77,179.67,50.92,681.7,1,0,0
230.84,206.04,62.77,816.3,0,0,0
279.6,254.56,94.79,1008.66,1,0,0
108.32,92.74,83.77,485.78,1,0,0
210.51,192.67,29.74,698.59,0,0,1
57.73,45.76,35.91,255.86,0,1,0
142.32,123.33,21.4,478.77,0,0,1
62.13,49.89,37.72,267.81,0,0,0
235.48,218.06,73.92,836.4,0,0,1
141.92,123.56,45.78,524.38,0,1,0
265.15,235.29,82.23,956.25,1,0,0
157.68,148.74,29.39,539.4,1,0,0
180.38833684210525,193.78,76.27,754.1,0,1,0
249.71,228.23,37.9,846.5,0,1,0
287.77,255.7,37.79,931.35,0,0,1
238.6,210.84,48.64,819.06,0,1,0
146.16,125.05,81.8,588.99,1,0,0
90.95,86.39,81.9,414.51,1,0,0
80.12,57.92,18.84,294.07,0,1,0
101.88,89.22,48.86,427.63,0,0,0
130.03,124.44,95.99,550.25,0,0,1
127.49,112.13,92.77,548.31,1,0,0
289.21,258.97,31.25,934.83,1,0,0
113.49,103.99,84.29,462.56,0,0,1
156.89,135.48,39.65,560.89,0,0,0
159.94,151.65,34.63,548.7,1,0,0
63.91,42.8,21.92,232.58,0,0,1
112.16,101.82,32.6,400.78,1,0,0
276.18,247.05,71.8,960.59,1,0,0
116.8,110.21,74.56,492.36,0,1,0
201.1,188.12,34.05,685.63,0,1,0
180.38833684210525,263.25,10.82,887.75,1,0,0
138.65,119.3,50.45,493.16,0,0,1
155.74,140.74,62.98,576.51,0,0,1
260.56,236.12,71.96,941.41,0,0,0
171.09,162.75,66.91,648.59,1,0,0
264.33,238.75,69.76,928.52,0,1,0
125.55,109.87,71.99,509.81,0,0,1
271.28,243.62,35.78,880.23,0,0,1
294.06,252.38,29.28,961.05,0,1,0
180.38833684210525,65.15,40.72,315.29,0,1,0
107.75,89.11,95.08,494.15,0,0,0
92.07,81.97,38.93,375.55,0,1,0
290.81,258.12,50.27,948.07,1,0,0
126.52,119.37,84.37,526.61,0,0,1
289.62,267.26,83.52,994.18,0,0,1
291.34,269.8575,39.46,950.15,0,0,0
196.67,173.49,71.17,700.89,0,0,1
60.09,52.4,16.99,242.58,1,0,0
245.01,215.65,35.45,819.88,0,1,0
111.7,106.38,32.53,409.93,1,0,0
180.38833684210525,52.4,64.7,324.84,0,1,0
250.97,222.36,99.7409,945.06,0,1,0
180.71,162.33,22.03,627.24,0,0,0
201.68,186.64,18.21,654.72,1,0,0
196.99,172.95,89.7,758.04,0,0,0
75.42,77.1,89.27,376.99,0,1,0
281.88,255.74,98.64,1031.03,1,0,0
220.44,199.87,89.55,818.82,0,0,1
96.2,90.12,43.6,396.89,0,1,0
147.96,133.22,21.92,502.48,0,0,1
258.35,232.01,73.3,908.08,0,1,0
82.84,80.47,44.58,326.2,0,1,0
128.46,112.17,61.39,510.49,0,1,0
297.84009999999995,264.55,24.42,961.11,1,0,0
285.06,259.52,24.6,919.19,0,0,0
270.48,245.39,34.5,876.12,0,1,0
170.55,154.6,42.92,567.97,0,0,1
249.37,222.94,14.95,801.18,0,0,1
282.39,259.23,75.34,992.26,0,0,1
218.91,196.91,41.79,734.15,0,0,1
183.34,169.46,91.55,713.59,0,1,0
258.79,229.81,30.25,850.98,0,0,0
124.09,109.07,36.37,443.19,0,0,1
278.98,265.18,68.13,987.02,0,1,0
220.87,205.19,97.04,850.29,0,0,0
162.1,145.02,65.47,602.02,1,0,0
199.71,185.13,13.74,640.96,0,1,0
270.16,236.65,26.03,870.99,0,0,1
205.23,180.37,19.59,675.44,0,1,0
229.03,204.51,14.41,721.27,1,0,0
237.21,215.6,73.25,853.06,0,1,0
116.46,106.41,48.57,440.5,1,0,0
182.31,170.77,50.84,654.08,1,0,0
246.36,227.8,47.53,819.49,0,0,1
180.38833684210525,251.82,71.3,961.49,1,0,0
289.39,260.93,36.29,945.19,0,0,1
64.8,63.2,95.74,369.11,1,0,0
251.29,218.94,61.49,870.01,0,0,1
297.84009999999995,262.65,16.3,950.55,0,0,0
195.84,181.34,93.78,758.49,0,1,0
295.19,268.42,47.89,971.58,0,1,0
159.54,148.49,26.1,527.28,0,0,1
78.47,65.0,52.77,347.27,1,0,0
56.24,56.52,66.8,308.47,0,1,0
87.15,79.73,54.03,364.86,1,0,0
115.39,106.32,60.71,445.12,0,0,1
253.05,225.34,17.92,795.1,0,0,1
246.93,229.93,36.3,834.93,0,1,0
180.38833684210525,156.19,11.12,569.91,1,0,0
173.98,152.37,91.05,671.62,1,0,0
221.78,197.69,53.32,757.55,0,1,0
141.32,117.22,25.29,493.42,0,0,0
149.9,136.49,25.32,523.99,0,0,1
69.95,51.66,39.93,310.25,0,0,0
206.17,181.74,30.21,686.26,0,0,0
278.95,251.63,17.55,881.68,0,0,1
155.05,144.48,90.36,613.66,1,0,0
264.71,238.38,30.45,887.1,0,1,0
185.61,168.09,38.34,637.01,0,0,0
276.63,240.87,46.92,939.91,1,0,0
78.41,72.87,51.57,330.0,1,0,0
151.65,135.51,95.65,617.91,1,0,0
90.2,78.0,31.24,358.66,0,0,1
78.05,73.08,30.5,272.09,1,0,0
272.61,249.41,78.24,965.17,0,1,0
201.79,179.05,31.32,674.81,1,0,0
105.39,93.52,77.81,461.11,0,0,0
205.52,194.38,21.56,673.04,0,0,0
138.43,125.6,67.24,531.18,0,0,1
122.2,115.35,19.45,412.23,0,0,1
259.51,236.23,70.39,911.64,0,1,0
263.34,233.36,46.95,878.41,1,0,0
54.03,47.51,78.05,308.92,0,0,0
56.0,52.09,32.97,231.83,1,0,0
248.51,215.81,50.23,860.29,0,0,0
290.87,255.93,76.99,981.24,0,0,1
150.71,145.04,88.86,616.76,0,1,0
108.75,104.68,17.66,362.66,0,0,1
271.22,245.88,84.65,980.42,0,0,0
280.32,250.16,27.65,909.38,1,0,0
55.24,47.24,15.56,201.06,0,1,0
297.84009999999995,268.66,52.13,979.61,1,0,0
72.93,68.25,74.54,348.57,1,0,0
241.57,210.92,96.12,887.26,1,0,0
290.8,269.85,26.12,949.08,0,0,0
163.44,145.55,34.09,545.4,0,0,1
181.74,162.31,68.39,678.62,0,0,1
143.11,132.12,99.7409,490.58,0,0,0
82.2,61.54,99.45,404.74,0,0,1
153.06,146.88,30.76,525.39,1,0,0
70.48,55.6,44.65,305.1,1,0,0
101.96,86.18,57.61,398.36,0,0,1
237.49,216.17,44.52,791.01,0,0,1
138.31,119.54,35.6,498.83,1,0,0
180.38833684210525,264.47,87.42,1046.14,1,0,0
106.95,96.64,36.5,399.96,0,0,0
180.38833684210525,150.85,81.47,672.78,0,1,0
118.36,112.08,37.81,449.81,0,1,0
64.76,51.56,12.68,220.97,0,0,1
84.54,79.84,92.3,437.27,0,0,0
262.0,226.66,82.87,943.15,1,0,0
177.3,157.42,25.81,612.92,0,1,0
174.07,162.8,47.52,628.28,0,0,0
238.38,211.8,60.7,819.13,1,0,0
180.38833684210525,184.79,34.58,665.8,1,0,0
279.96,250.6,37.42,925.88,1,0,0
95.92,85.86,12.24,342.27,0,1,0
191.01,172.79,24.69,634.64,0,1,0
180.38833684210525,159.07,96.27,703.88,0,0,0
124.63,119.34,91.59,527.54,1,0,0
70.91,56.39,69.18,359.69,0,0,0
217.96,193.43,48.99,753.1,1,0,0
289.46,254.14,45.09,947.18,0,0,1
80.2,74.41,94.59,421.77,1,0,0
158.83,146.48,99.08,655.01,0,0,0
209.85,184.36,24.76,684.24,1,0,0
157.73,142.54,85.81,597.73,0,0,1
154.9,142.95,26.09,529.27,1,0,0
141.3,125.37,28.7,495.83,0,1,0
138.73,122.39,73.84,528.99,1,0,0
241.49,216.11,91.5,890.46,0,0,1
73.42,59.93,20.53,258.68,0,0,1
293.96,267.96,22.06,943.79,0,0,0
128.31,122.28,94.55,572.8,0,1,0
285.05,249.91,47.48,953.8,0,1,0
138.68,125.4,56.32,535.35,0,0,0
129.7,118.53,71.0,506.28,0,1,0
103.02,98.38,22.51,390.63,0,0,0
180.38833684210525,128.18,33.76,497.97,1,0,0
234.82,212.06,98.74,881.69,0,1,0
288.08,258.44,41.49,951.91,0,0,0
269.45,243.68,34.17,895.92,1,0,0
139.89,117.42,75.64,562.08,0,0,0
225.7,191.09,43.56,770.8,0,0,0
145.65,134.93,46.77,530.25,1,0,0
97.2,82.54,84.52,448.77,1,0,0
281.74,249.58,38.47,945.23,0,1,0
180.38833684210525,82.07,62.32,396.71,0,0,0
143.6,135.57,84.39,602.65,0,1,0
138.03,125.4,93.64,591.4,0,0,0
121.14,106.63,86.12,507.07,1,0,0
178.79,156.86,21.8,606.79,0,1,0
130.38,107.51,23.68,446.16,1,0,0
226.65,211.99,75.35,807.1,0,0,1
90.56,84.02,26.85,340.19,0,0,0
173.66,155.6,53.98,648.34,0,0,0
224.0,203.66,93.68,824.02,1,0,0
86.76,76.74,44.08,350.99,0,0,1
118.14,103.4,61.61,452.33,0,0,1
173.43,150.42,94.35,700.97,0,1,0
103.05,89.3,38.38,397.3,1,0,0
276.78,248.34,95.5,1006.8,0,0,1
297.66,260.19,39.25,966.08,1,0,0
68.7,61.92,64.64,311.79,0,0,1
215.74,194.92,68.36,786.53,0,0,0
70.57,54.48,87.61,343.83,1,0,0
196.47,177.78,72.91,735.39,0,1,0
50.45,51.1,23.31,228.43,0,0,0
222.2,198.36,37.33,722.18,0,0,1
94.42,93.9,86.39,423.03,0,0,1
178.73,154.44,82.66,676.26,0,0,1
121.05,116.29,91.59,513.1,0,0,1
135.26,112.92,85.26,563.62,0,1,0
236.96,226.06,40.51,784.03,0,0,1
123.82,108.3,56.23,480.06,0,0,1
182.19,158.36,56.77,655.41,0,1,0
110.19,93.87,12.12,343.21,0,0,1
196.85,173.72,53.48,674.47,0,0,1
82.09,73.63,72.09,398.42,1,0,0
173.71,154.29,62.8,630.89,1,0,0
208.97,183.95,44.06,729.04,0,0,0
79.43,64.73,42.82,321.58,1,0,0
192.96,172.02,25.04,623.07,0,0,1
145.17,137.01,94.63,602.75,1,0,0
246.37,216.91,54.04,858.36,0,0,0
135.95,128.18,59.0,517.12,1,0,0
265.62,243.79,40.6,882.13,0,1,0
161.92,148.21,38.96,579.55,0,1,0
239.31,208.42,18.83,775.71,0,1,0
68.8,66.03,48.57,335.47,1,0,0
254.34,230.65,67.65,892.38,0,0,0
134.54,123.95,89.13,566.55,0,0,1
138.13,116.56,78.56,574.04,0,0,0
89.54,87.83,37.24,346.81,0,1,0
246.06,221.62,82.59,878.89,0,0,0
219.75,201.5,70.31,800.41,0,1,0
149.87,130.43,64.39,574.7,1,0,0
181.44,158.95,88.94,702.61,0,0,1
158.63,138.22,50.32,565.23,0,0,1
284.17,251.76,33.16,935.51,0,0,1
240.53,215.58,30.28,791.29,0,1,0
101.61,87.09,97.29,480.8,0,0,0
228.41,208.33,65.73,835.31,0,0,0
207.09,185.01,63.57,756.78,0,1,0
146.52,133.74,90.76,601.22,0,0,1
70.98,72.09,23.82,270.15,0,0,1
187.55,165.3,93.57,746.47,0,0,0
71.62,67.54,44.01,282.05,0,0,1
220.59,200.52,68.24,792.84,0,0,0
197.85,178.07,41.6,664.47,1,0,0
139.06,117.74,17.61,482.96,0,1,0
273.85,243.8,38.14,913.28,0,0,1
149.68,139.91,94.45,637.36,0,0,0
195.01,178.8,60.57,694.38,1,0,0
202.92,187.1,44.75,692.4,0,1,0
215.8,193.49,54.65,758.0,0,1,0
220.07,200.7,10.71,684.33,1,0,0
235.03,211.86,39.63,808.36,0,0,0
224.73,212.08,95.46,858.95,0,1,0
87.4,85.76,23.36,321.36,1,0,0
121.9,106.22,45.94,485.39,0,1,0
114.27,112.77,99.5,518.12,0,1,0
180.38833684210525,106.74,68.92,474.92,0,0,0
234.33,214.77,46.79,814.65,0,0,0
224.37,203.01,44.18,773.51,0,1,0
173.28,153.39,51.57,645.57,0,0,0
180.38833684210525,139.33,92.51,629.89,1,0,0
186.45,172.62,59.74,654.32,1,0,0
282.87,255.67,86.96,1019.56,0,0,1
71.22,66.41,49.06,312.61,1,0,0
269.92,236.78,54.07,921.28,0,1,0
297.84009999999995,269.8575,10.99,969.05,0,0,0
78.82,74.64,39.29,329.01,0,0,0
199.57,180.02,89.5,770.77,0,0,0
291.78,269.8575,31.2,919.78,0,0,1
260.37,236.53,41.13,866.56,1,0,0
180.38833684210525,218.44,25.73,772.11,1,0,0
292.4,260.14,72.66,1019.35,0,0,0
272.01,258.33,80.21,967.24,1,0,0
275.11,238.14,69.24,935.03,0,0,1
238.18,211.83,89.17,875.15,0,0,1
147.33,123.1,94.67,601.61,1,0,0
285.72,269.36,73.83,1007.24,0,1,0
272.96,238.64,67.89,966.89,0,1,0
77.11,66.73,36.78,308.86,1,0,0
182.89,161.1,80.31,701.25,0,1,0
154.29,138.76,40.22,552.73,0,0,1
283.46,257.88,42.18,941.63,0,1,0
196.81,182.11,45.51,674.84,0,1,0
286.7,249.81,82.7,1026.33,0,1,0
136.28,124.75,85.9,563.76,0,0,0
179.02,153.91,72.39,670.76,0,0,0
213.02,196.24,51.4,739.71,0,0,1
236.11,214.35,69.8,828.18,0,1,0
125.44,108.89,11.37,410.47,0,0,1
191.89,170.43,86.27,729.22,1,0,0
230.06,211.38,35.28,753.21,0,0,1
279.38,250.75,99.07,1008.44,0,1,0
175.71,166.79,79.49,659.36,0,0,1
202.07,184.84,29.65,660.86,0,0,1
283.47,254.6,10.29,884.88,0,0,1
260.88,225.4,73.32,937.34,0,1,0
180.38833684210525,198.7,54.28,782.34,0,0,0
218.88,187.38,71.32,789.38,0,1,0
195.71,173.94,13.26,631.14,0,0,0
207.02,186.36,53.91,734.81,0,1,0
229.35,212.02,62.66,788.26,0,0,1
162.61,144.78,72.79,625.34,1,0,0
225.21,205.44,78.35,823.56,0,0,1
143.46,135.25,96.38,600.3,0,0,1
234.98,200.47,83.81,841.52,0,0,1
270.16,239.02,90.59,1007.56,0,0,0
281.64,244.04,88.09,1004.24,1,0,0
247.51,222.18,60.39,874.41,0,0,0
245.63,220.23,87.4,896.26,0,1,0
75.25,68.63,39.17,324.06,0,1,0
220.48,197.32,74.29,811.61,0,0,0
179.85,159.35,85.13,677.17,1,0,0
124.43,113.73,23.17,435.01,0,1,0
245.78,220.14,38.83,828.29,0,1,0
200.35,175.38,68.79,737.09,0,1,0
178.94,160.65,79.14,671.21,0,0,1
295.34,269.8575,20.66,928.6,1,0,0
168.25,162.58,69.64,654.24,0,0,0
126.23,118.3,89.34,547.35,0,0,0
249.0,214.11,87.18,927.62,0,1,0
180.38833684210525,95.15,50.64,428.36,1,0,0
98.74,85.07,29.46,359.16,1,0,0
168.51,154.83,96.53,675.42,0,1,0
212.08,182.96,50.39,737.58,0,0,0
173.93,166.96,36.14,597.49,0,0,0
69.09,64.66,19.86,240.7,0,0,1
163.69,150.39,99.74,689.77,1,0,0
256.68,229.41,91.93,941.98,1,0,0
297.84009999999995,268.23,60.44,1015.14,1,0,0
247.45,221.07,29.95,805.54,0,0,1
256.91,227.24,96.34,944.95,0,1,0
180.38833684210525,146.39,61.46,585.65,0,0,1
236.26,212.12,60.5,826.54,0,0,1
149.97,140.37,54.18,562.67,0,0,1
257.27,227.98,81.54,925.23,0,1,0
292.51,269.8575,27.43,954.72,0,1,0
262.32,234.38,53.24,902.86,0,1,0
158.55,139.46,51.3,573.36,0,0,1
187.84,171.62,99.02,709.34,1,0,0
86.15,73.89,83.83,397.02,0,0,1
297.84009999999995,268.86,91.19,1064.56,0,0,0
57.09,53.37,66.24,272.48,0,1,0
241.51,221.26,78.61,882.96,0,0,0
227.68,200.36,80.71,835.79,1,0,0
165.89,154.88,77.19,656.3,0,0,0
51.83,56.24,51.41,218.36,0,0,1
79.46,75.88,18.02,299.73,0,0,0
180.43,159.89,92.29,694.83,1,0,0
203.88,184.18,99.7409,689.94,0,1,0
254.16,239.23,34.78,845.91,0,0,0
86.33,83.68,70.02,374.06,1,0,0
202.62,172.73,75.55,742.65,0,0,0
141.35,114.23,32.26,487.78,1,0,0
202.41,182.86,41.41,686.69,0,0,1
247.63,219.76,23.88,783.28,0,0,1
109.69,101.56,98.31,514.51,0,1,0
179.3,173.69,45.26,642.12,0,0,0
214.89,191.26,71.58,765.69,0,1,0
235.17,207.52,46.87,813.48,0,1,0
73.38,69.07,78.06,368.65,0,0,0
243.55,218.61,27.08,812.86,0,0,0
178.83,161.17,32.56,615.22,0,0,0
214.9,186.71,38.3,707.85,1,0,0
194.27,179.24,17.32,612.59,0,0,1
90.79,82.05,71.49,389.29,0,0,1
275.94,249.16,99.7409,1005.79,1,0,0
144.98,139.08,35.36,505.65,0,1,0
180.38833684210525,206.59,95.25,889.92,0,0,0
110.46,94.22,10.16,387.95,0,0,0
122.14,107.47,18.79,394.1,1,0,0
241.38,213.95,60.52,840.93,0,0,0
61.55,55.67,66.07,320.92,0,1,0
69.91,54.39,77.77,359.62,0,0,0
265.84,243.37,15.69,851.81,0,0,0
186.52,173.5,83.95,683.61,0,0,1
195.96,183.26,32.43,673.16,0,0,0
222.13,210.2,30.46,760.44,0,0,0
248.32,220.13,54.04,864.74,0,0,0
191.76,171.9,11.13,620.52,0,0,0
112.63,106.09,35.29,412.76,1,0,0
155.25,128.97,55.21,571.54,0,1,0
204.46,180.98,89.02,782.9,0,1,0
288.36,264.12,41.13,946.41,0,0,1
114.63,107.18,29.21,413.24,1,0,0
266.19,233.77,25.43,862.96,0,1,0
180.38833684210525,75.56,98.54,461.54,0,1,0
190.7,165.39,40.78,649.71,0,1,0
160.54,145.66,35.33,555.95,1,0,0
244.21,212.36,86.59,892.54,0,0,1
123.23,108.98,42.64,451.72,1,0,0
132.03,115.22,71.92,543.32,0,1,0
105.76,92.94,32.46,377.03,1,0,0
272.1,254.22,42.02,887.68,0,0,1
213.95,188.38,89.13,800.89,0,1,0
208.18,191.02,69.71,755.89,0,0,0
199.61,181.9,16.16,663.62,0,1,0
54.11,53.88,46.38,253.18,0,1,0
103.33,93.31,72.84,449.81,0,0,0
180.38833684210525,176.26,14.55,628.08,1,0,0
288.69,264.96,91.31,1010.98,1,0,0
226.44,201.75,28.26,755.01,0,1,0
290.17,261.49,11.29,905.18,0,1,0
152.89,135.64,47.52,549.39,1,0,0
180.38833684210525,57.37,37.5,289.66,1,0,0
127.7,111.66,99.7409,468.49,0,0,1
278.61,256.91,50.72,934.35,0,0,0
226.72,196.86,57.45,779.34,0,0,1
57.55,45.72,47.18,287.7,0,0,0
198.72,174.35,12.57,630.19,1,0,0
197.54,185.74,62.9,718.71,1,0,0
217.15,201.41,54.55,750.1,0,0,1
143.04,132.92,41.63,531.9,0,0,0
197.24,171.15,19.36,659.0,0,1,0
296.94,269.8575,30.19,946.39,1,0,0
260.09,233.4,51.83,895.01,0,0,0
286.15,262.23,38.35,934.07,0,0,1
50.35,41.41,76.57,292.53,0,1,0
244.1,227.35,75.53,879.94,1,0,0
180.38833684210525,159.0,85.07,646.94,1,0,0
188.57,167.54,37.54,636.11,0,0,0
273.51,244.12,28.66,872.33,0,0,1
71.34,62.97,93.09,373.91,0,1,0
179.48,159.1,93.78,675.12,0,0,1
124.58,107.79,10.83,421.87,0,0,1
253.56,230.13,58.4,860.41,0,0,1
176.36,154.25,99.7409,696.72,0,1,0
288.76,265.79,68.92,1003.1,0,0,0
287.43,258.56,49.27,986.31,0,1,0
209.98,194.09,18.68,687.25,0,1,0
177.28,165.4,75.92,683.18,0,0,0
70.37,67.28,26.1,283.19,0,0,1
108.92,89.15,63.28,461.73,0,1,0
119.9,101.88,72.84,511.6,0,0,0
122.65,117.26,55.64,469.96,0,0,1
285.54,250.25,66.42,984.01,0,0,1
279.78,246.52,35.91,947.86,0,0,0
180.38833684210525,65.35,16.04,283.55,0,0,0
104.5,93.84,70.49,436.1,1,0,0
69.59,53.78,11.15,241.7,0,0,1
208.33,184.2,28.89,698.61,0,1,0
171.67,154.58,61.85,656.29,0,0,0
173.59,158.18,49.33,622.64,0,1,0
54.81,40.83,73.1,323.68,0,1,0
180.38833684210525,72.25,23.44,302.71,0,0,0
130.33,116.8,28.37,459.43,0,0,0
100.25,93.47,90.06,459.15,1,0,0
94.51,78.2,30.15,360.73,0,0,0
260.6,235.28,60.07,916.53,1,0,0
68.65,57.23,89.23,376.63,0,0,0
180.38833684210525,264.35,75.4,1022.48,0,0,0
202.23,182.89,93.99,768.62,0,1,0
277.09,249.2,17.92,893.33,0,0,0
191.83,158.84,62.2,700.13,1,0,0
182.77,160.96,54.03,649.52,1,0,0
190.84,169.97,21.61,630.76,1,0,0
269.02,243.89,24.32,860.91,0,0,0
224.65,204.99,82.93,829.82,1,0,0
163.55,148.72,75.6,598.07,0,0,1
238.8,215.75,97.54,892.28,0,0,0
239.56,223.86,50.81,821.97,0,0,0
214.78,196.1,41.43,727.32,1,0,0
68.47,62.96,29.02,285.4,0,1,0
52.3,48.68,92.97,311.36,0,0,1
177.97,156.52,65.91,672.48,0,1,0
165.47,147.52,73.34,612.98,1,0,0
131.64,121.73,85.03,558.41,0,0,0
105.64,93.43,49.06,433.31,1,0,0
243.6,216.72,47.71,855.01,0,0,0
65.98,58.06,66.05,339.4,0,1,0
209.76,184.12,25.75,681.27,1,0,0
229.07,202.81,77.79,823.13,0,0,0
244.21,221.53,79.37,877.14,1,0,0
128.42,112.11,31.03,470.94,0,0,0
259.97,237.96,15.95,828.99,0,0,1
100.77,92.79,95.07,481.95,0,0,0
189.3,174.61,75.2,689.12,1,0,0
290.6,264.59,40.72,955.59,0,1,0
267.8,246.72,30.63,891.47,0,0,0
136.01,113.33,22.89,464.08,0,1,0
204.09,185.15,77.99,738.13,0,0,1
205.98,191.74,15.71,672.77,0,0,0
53.82,43.08,62.84,287.56,0,1,0
174.99,156.05,72.9,639.4,0,0,1
147.88,135.28,65.79,564.35,0,0,0
226.97,201.29,35.37,765.04,0,0,0
104.94,97.64,86.64,472.01,0,1,0
254.91,232.72,93.19,944.84,0,0,0
270.44,247.3,55.49,915.5,1,0,0
248.37,226.66,81.19,880.81,0,0,1
180.38833684210525,94.75,53.86,413.65,0,0,1
186.96,166.86,83.37,693.41,0,0,1
66.64,56.93,52.2,297.96,0,1,0
108.71,95.91,77.12,461.75,0,0,0
115.67,107.34,59.95,468.53,1,0,0
197.95,183.03,38.7,704.67,0,0,0
182.88,159.14,63.81,640.79,1,0,0
101.77,91.39,37.58,383.58,1,0,0
83.39,76.97,19.32,332.72,0,1,0
285.44,263.87,79.18,1007.32,0,1,0
148.57,132.99,81.39,601.42,0,0,0
89.87,89.06,22.73,336.42,1,0,0
157.44,144.23,69.34,622.69,0,1,0
284.08,261.21,69.88,990.52,1,0,0
232.81,199.23,93.2,844.7,1,0,0
119.7,108.71,48.5,453.35,1,0,0
166.34,149.08,55.69,601.66,1,0,0
53.21,42.68,15.32,205.38,0,0,1
81.72,75.31,79.45,416.84,0,0,0
159.96,141.38,81.61,614.03,1,0,0
199.28,174.85,79.86,751.21,1,0,0
166.45,151.71,64.36,623.73,0,0,0
128.8,109.25,23.55,444.19,1,0,0
201.32,187.32,82.81,765.84,0,0,0
174.26,155.85,68.11,660.95,0,0,0
191.61,162.91,42.09,671.76,0,1,0
156.83,137.73,25.85,543.12,0,0,0
176.76,167.27,30.43,599.49,1,0,0
142.2,123.46,30.97,477.84,0,0,1
194.57,175.71,37.92,670.38,0,0,0
260.47,231.61,99.6,976.35,0,0,0
214.6,193.66,25.85,707.03,0,0,0
297.84009999999995,266.23,97.39,1069.77,1,0,0
164.66,156.45,23.16,572.82,0,0,0
236.91,219.67,59.7,845.4,0,0,1
145.82,133.15,26.58,484.92,1,0,0
212.08,191.91,63.1,737.04,0,0,1
90.37,76.83,43.39,361.12,0,1,0
72.19,66.7,82.65,367.57,0,1,0
129.67,119.89,28.46,464.08,1,0,0
276.31,249.89,28.97,896.34,1,0,0
262.54,225.6,52.49,874.13,0,0,1
218.66,193.73,16.96,696.66,0,0,1
180.38833684210525,252.11,26.7,902.5,0,0,0
235.62,214.4,87.9,856.67,0,0,1
84.03,61.43,94.48,413.78,0,0,1
88.54,81.59,66.73,391.37,0,1,0
209.76,191.38,15.52,658.15,0,1,0
245.34,219.01,11.51,798.69,0,0,0
281.03,247.55,16.56,903.91,0,0,0
166.92,150.92,13.88,544.53,0,0,0
180.14,157.95,81.99,681.63,1,0,0
294.15,256.2,41.33,955.26,1,0,0
185.03,163.08,28.77,619.25,1,0,0
251.43,228.79,42.75,847.3,0,1,0
164.75,149.04,93.72,672.47,0,0,0
242.43,227.5,30.52,780.07,0,0,1
122.61,112.19,69.3,487.88,1,0,0
244.42,220.59,31.9,813.58,0,1,0
269.86,244.22,71.15,933.57,0,1,0
199.64,193.29,77.81,711.6,0,0,1
108.88,92.49,28.33,367.84,0,0,1
86.42,77.03,20.6,332.55,0,0,0
115.84,104.33,83.2,493.97,1,0,0
145.24,121.02,80.42,577.48,0,0,1
255.68,227.22,17.91,814.67,0,1,0
95.75,87.12,87.89,444.75,1,0,0
142.39,122.89,68.71,548.56,0,0,1
162.97,149.35,76.31,644.26,0,0,0
109.65,106.23,88.9,502.01,0,0,0
279.32,257.77,17.5,897.18,1,0,0
176.77,160.05,28.65,608.68,0,1,0
185.37,162.82,63.13,698.49,0,0,0
297.84009999999995,269.56,98.73,1076.54,1,0,0
198.21,174.25,49.89,706.07,0,1,0
211.09,195.53,50.02,729.25,0,0,1
180.38833684210525,212.64,52.4,808.11,0,1,0
135.62,122.92,41.66,480.99,0,1,0
209.34,193.17,78.48,775.53,0,0,0
180.38833684210525,77.12,43.29,329.0,0,1,0
294.03,266.33,57.13,993.85,0,0,1
189.96,173.24,44.62,644.51,0,0,1
143.7,134.74,61.73,549.59,0,1,0
98.64,93.04,67.47,415.55,0,1,0
184.2,172.37,58.04,683.64,0,1,0
231.09,211.49,13.0,717.36,0,0,1
180.38833684210525,112.81,15.96,406.94,0,0,1
264.66,231.09,12.38,831.07,0,0,1
256.77,232.99,55.73,875.81,1,0,0
154.14,143.26,85.69,637.27,0,1,0
74.38,63.98,74.69,367.38,1,0,0
232.57,208.93,46.98,790.28,0,1,0
234.25,214.37,49.43,783.83,0,0,1
230.95,206.74,72.32,841.69,0,0,0
267.39,229.68,87.4,959.6,1,0,0
219.71,194.86,27.15,715.4,0,0,1
276.63,243.02,14.88,864.92,0,0,1
180.38833684210525,196.13,21.07,703.46,1,0,0
58.47,51.78,17.44,233.1,1,0,0
261.81,230.6,44.8,849.84,1,0,0
229.46,207.98,22.13,759.46,0,1,0
232.87,206.11,85.39,858.76,1,0,0
145.84,142.86,26.28,508.93,0,0,1
104.88,95.08,60.27,424.96,0,0,0
162.84,147.39,52.34,561.43,0,1,0
223.69,198.9,18.08,732.84,0,1,0
72.22,60.59,30.01,285.16,0,1,0
58.18,48.64,40.88,282.48,0,0,0
234.65,219.2,65.79,812.24,1,0,0
171.23,149.35,53.75,617.47,1,0,0
180.38833684210525,117.09,11.04,451.11,0,0,0
121.06,111.05,74.74,493.53,0,0,1
226.92,201.22,96.24,847.73,1,0,0
213.02,186.44,79.14,782.01,1,0,0
178.55,154.81,83.1,677.64,0,0,1
223.8,193.9,22.99,726.33,0,1,0
152.51,135.78,24.61,502.67,1,0,0
103.03,92.82,77.01,440.38,1,0,0
60.04,46.01,67.11,304.27,1,0,0
112.88,93.95,52.96,455.14,1,0,0
90.19,74.43,92.94,436.61,0,1,0
85.17,77.58,91.66,423.32,1,0,0
242.56,216.53,71.49,859.17,0,1,0
181.37,166.51,74.52,688.58,0,1,0
278.02,252.44,14.95,850.3,0,0,1
129.84,116.6,35.66,467.62,0,0,1
132.75,118.05,14.04,443.07,0,0,1
171.89,146.65,45.23,594.22,1,0,0
246.2,214.69,98.47,924.88,0,0,0
85.62,77.33,82.09,402.95,0,0,1
176.45,153.43,71.61,674.43,0,1,0
107.95,103.84,41.93,409.79,0,0,1
166.93,148.16,44.42,617.03,0,0,0
148.84,126.58,75.67,569.85,1,0,0
53.21,43.45,59.14,267.47,0,0,1
259.52,236.3,60.99,887.0,0,1,0
254.54,233.75,19.61,827.92,0,0,0
294.91,269.8575,57.1,978.36,1,0,0
82.18,74.48,67.39,382.66,0,1,0
107.01,99.68,66.44,434.63,0,1,0
280.65,259.03,37.31,911.23,1,0,0
125.0,118.29,73.1,503.6,0,1,0
180.38833684210525,213.34,82.43,821.74,1,0,0
181.45,164.36,46.15,628.45,0,1,0
217.96,194.1,72.88,768.27,0,0,1
273.84,245.36,43.03,912.89,1,0,0
277.55,242.44,62.8,963.7,0,1,0
208.06,183.72,21.29,662.13,0,0,1
55.32,49.74,47.3,273.07,1,0,0
244.26,219.67,15.7,767.54,1,0,0
249.4,224.69,59.87,867.91,1,0,0
229.71,212.37,14.25,756.48,0,0,0
229.83,209.93,14.0,734.54,0,0,1
114.73,94.9,38.6,426.89,0,0,1
183.11,153.9,39.04,653.51,0,1,0
171.84,155.71,59.4,626.56,1,0,0
147.6,116.16,12.67,479.88,0,0,1
139.56,118.97,16.39,480.41,0,0,0
150.42,123.23,63.85,557.17,1,0,0
103.83,91.47,51.06,419.61,0,0,0
132.72,113.1,14.98,448.52,0,0,1
267.96,239.01,89.38,958.42,0,0,1
63.68,64.46,52.65,290.7,1,0,0
104.13,98.57,72.92,453.77,0,0,1
91.63,81.02,35.35,351.49,0,1,0
268.66,245.28,64.4,913.11,1,0,0
148.84,136.33,34.7,493.9,0,0,1
152.34,141.37,89.66,609.74,0,0,1
231.15,207.52,66.47,818.83,0,0,1
241.6,210.53,65.73,853.82,0,1,0
81.8,67.63,84.08,375.78,1,0,0
201.7,184.34,42.37,691.06,1,0,0
142.84,123.08,77.67,574.62,0,0,0
154.19,140.45,67.75,569.54,0,0,1
138.94,126.97,67.14,546.2,0,0,1
180.38833684210525,72.99,93.15,404.6,0,0,1
185.24,163.71,31.39,631.07,0,0,1
105.76,99.91,12.01,349.59,0,0,1
149.86,134.41,10.3,463.81,1,0,0
281.9,254.84,91.4,1012.46,1,0,0
62.61,55.62,38.15,258.53,0,0,1
128.64,109.07,88.59,560.46,0,1,0
198.89,172.12,75.25,744.62,0,0,1
256.25,234.69,12.07,822.37,0,0,1
280.16,253.23,20.62,883.92,0,0,1
238.75,223.0,98.2,885.64,0,0,1
181.43,168.32,58.92,663.04,0,1,0
215.8,192.01,30.63,738.35,0,0,0
60.77,54.85,94.46,333.38,0,0,1
263.79,227.65,14.57,825.0,0,0,1
192.49,172.71,17.96,636.43,1,0,0
74.37,59.74,19.63,260.24,1,0,0
201.1,188.33,21.51,665.59,0,1,0
73.07,72.91,82.06,374.84,1,0,0
68.43,58.84,52.83,318.68,0,0,0
297.84009999999995,267.36,22.02,946.33,0,0,1
236.62,216.48,64.37,850.69,0,0,0
65.78,55.05,14.81,251.51,0,0,0
204.53,189.17,61.62,734.62,0,0,1
154.64,138.04,43.27,558.13,0,0,0
137.24,118.42,61.81,548.51,0,0,0
281.03,253.66,37.72,915.45,1,0,0
239.38,204.64,86.22,883.87,0,0,0
153.45,139.2,17.25,490.62,1,0,0
150.96,128.44,63.0,577.87,1,0,0
62.7,53.66,12.14,228.54,1,0,0
154.07,145.62,16.28,510.69,0,1,0
151.39,144.24,80.91,595.11,1,0,0
102.35,95.17,34.22,391.24,0,0,1
283.02,256.14,22.84,892.16,1,0,0
121.61,113.51,80.39,517.85,0,1,0
94.48,81.19,36.95,366.23,0,0,0
102.36,88.27,76.62,443.59,1,0,0
85.41,81.41,37.7,331.21,1,0,0
201.08,180.3,64.13,708.58,0,0,1
89.07,74.91,32.24,330.41,0,0,0
243.53,216.38,96.65,882.48,0,0,1
275.07,253.98,34.24,889.84,0,0,1
65.27,62.38,53.4,300.31,0,0,1
256.47,228.8,58.05,873.54,0,0,1
252.86,227.27,17.23,787.35,0,0,1
122.09,113.17,10.65,406.18,1,0,0
136.79,126.95,93.49,572.24,0,1,0
154.07,137.65,72.03,586.66,0,0,1
109.12,99.93,72.23,447.78,1,0,0
180.38833684210525,251.24,96.87,1016.38,0,0,0
265.53,241.23,64.49,916.44,1,0,0
180.38833684210525,212.55,80.54,870.32,0,0,0
268.91,240.61,82.87,966.56,0,0,0
215.89,195.49,56.67,758.91,1,0,0
212.54,195.35,12.65,703.92,0,1,0
150.11,128.8,23.83,512.31,0,1,0
129.12,118.34,35.72,457.59,1,0,0
277.71,251.33,49.41,935.88,0,0,0
92.68,80.05,67.8,415.28,0,0,0
53.58,49.25,32.89,230.21,0,1,0
236.75,220.72,96.3,876.18,0,0,1
286.84,263.2,31.14,941.31,0,0,0
73.36,64.78,82.76,365.2,1,0,0
282.16,252.02,29.22,918.44,0,1,0
200.35,179.38,36.71,681.49,0,1,0
68.71,65.77,52.13,316.04,0,0,0
249.08,230.65,77.8,892.25,1,0,0
189.61,177.61,58.62,692.59,0,1,0
284.44,253.66,16.62,895.01,1,0,0
180.38833684210525,169.75,54.22,680.33,0,1,0
209.99,190.61,34.35,714.41,0,0,1
56.23,46.33,90.65,349.67,0,0,0
199.32,177.23,28.17,653.14,1,0,0
227.09,209.22,36.43,754.92,0,0,1
83.13,79.53,51.36,353.92,0,0,0
295.89,269.8575,33.28,956.19,0,0,1
62.03,58.43,32.79,282.07,0,1,0
152.82,143.29,67.73,571.36,0,1,0
217.75,199.35,45.12,744.82,0,1,0
205.38,179.02,14.93,670.39,1,0,0
72.41,70.71,72.93,377.2,0,0,0
55.91,51.5,28.08,221.84,0,1,0
229.7,195.64,77.07,847.86,0,0,0
108.01,91.0,96.83,500.97,0,1,0
183.25,167.37,59.08,652.46,0,0,1
125.38,114.83,16.1,415.32,1,0,0
83.69,74.89,78.99,384.04,0,0,1
275.56,256.66,34.17,920.2,0,1,0
194.29,175.46,69.82,724.56,0,1,0
51.54,55.12,15.47,191.64,0,0,1
173.23,163.07,84.79,679.65,0,0,0
52.31,49.5,45.77,271.33,0,0,0
288.37,260.21,85.92,1000.66,1,0,0
154.48,134.03,12.38,491.79,0,0,1
137.76,118.18,91.46,576.78,0,1,0
180.38833684210525,122.67,44.83,494.4,0,0,1
125.46,115.26,44.7,492.96,0,0,0
215.09,197.94,80.53,785.55,1,0,0
246.37,215.44,82.64,885.28,0,1,0
297.67,261.96,21.11,937.36,0,0,1
286.55,258.67,83.26,1034.08,0,0,0
240.28,221.81,51.17,826.2,0,0,1
247.64,234.28,74.49,889.94,0,0,0
295.13,259.98,27.29,949.18,0,0,0
106.97,96.66,89.45,494.1,0,0,0
201.37,178.59,29.21,691.65,1,0,0
171.48,149.74,66.39,649.18,0,1,0
53.25,40.4,17.92,202.61,0,1,0
239.31,218.4,41.38,803.22,0,0,1
79.64,73.45,69.39,356.38,0,0,1
279.94,255.03,19.37,884.95,0,0,0
290.26,268.29,55.56,969.31,0,1,0
194.28,177.95,80.24,724.7,0,0,1
273.51,243.93,51.97,947.7,0,1,0
180.38833684210525,136.14,50.07,490.55,1,0,0
283.92,262.99,93.4,985.47,0,0,1
91.96,79.83,58.1,405.94,0,1,0
171.03,154.93,33.05,575.0,1,0,0
271.7,242.47,43.38,901.08,0,0,1
209.64,193.02,89.59,792.91,0,0,0
179.44,163.37,62.85,655.88,1,0,0
73.22,70.91,15.04,251.59,1,0,0
66.93,63.37,67.7,333.13,0,0,0
103.54,90.23,30.91,380.5,0,0,1
243.97,225.4,86.44,890.24,0,0,0
151.65,130.85,96.02,625.6,0,0,0
126.86,103.7,14.28,432.07,0,0,0
291.05,264.32,99.7409,1060.56,0,0,0
215.67,193.25,15.51,686.25,0,0,1
145.55,133.53,86.7,573.68,0,0,1
166.82,153.51,73.2,647.15,0,0,0
246.55,228.18,49.75,833.29,0,0,1
164.97,147.02,39.59,576.85,1,0,0
120.88,105.22,29.36,433.71,1,0,0
120.44,104.86,34.41,446.3,0,0,0
147.29,134.95,90.38,595.49,0,0,1
110.16,99.34,14.11,379.35,1,0,0
272.78,238.91,32.33,881.76,1,0,0
64.68,61.69,42.0,258.98,0,0,1
214.41,194.6,74.47,768.78,0,0,1
52.56,49.73,29.83,224.92,0,1,0
132.77,117.63,70.38,518.95,0,1,0
131.27,120.73,63.45,502.5,0,0,1
187.12,172.0,90.5,719.66,1,0,0
116.63,104.23,62.9,467.03,0,1,0
212.46,193.32,76.45,789.15,0,0,0
125.17,116.54,73.79,508.41,0,1,0
194.23,178.9,16.41,651.12,0,0,0
53.93,47.58,57.3,274.37,1,0,0
91.87,78.84,77.02,421.5,0,0,1
160.24,149.45,26.08,534.15,0,0,1
296.71,252.74,98.02,1062.06,0,0,0
218.63,189.6,48.55,765.22,0,0,0
253.09,227.4,98.22,926.14,0,0,0
262.64,236.24,46.34,888.17,0,0,0
120.0,104.13,75.43,510.53,0,1,0
172.87,164.63,40.41,608.77,1,0,0
210.48,187.99,22.6,687.31,0,0,0
69.44,64.85,26.21,266.91,1,0,0
126.27,117.15,86.55,534.02,1,0,0
142.63,122.16,61.9,546.83,1,0,0
211.06,201.38,20.07,683.86,0,0,1
107.72,100.58,99.7409,485.93,0,0,0
239.28,209.67,20.41,775.54,1,0,0
243.68,214.01,74.9,875.02,0,0,0
103.95,85.67,98.45,497.88,0,1,0
101.39,83.91,95.98,477.18,0,0,0
250.66,229.87,88.6,916.18,1,0,0
138.31,131.51,23.28,495.5,0,1,0
