area_sqft,bedrooms,age_years,location,price_wan
1126.2718478640268,3,12.4752857743169,C,927.8379196503478
2739.696080003041,8,32.38094980959406,B,2222.9943766041583
2135.439404002198,6,11.07816131798553,B,1754.563122178675
1796.7518448781682,5,,B,1510.8895613716231
1742.2106700837792,5,20.057272318880223,C,1415.7627659087348
3266.8138604864275,8,12.226487185130138,A,2666.5996473904393
3668.003428370109,8,,A,2954.642102108066
1120.7361713806704,4,11.652737966852612,C,910.7144818389237
2784.746809397962,8,9.707564769607464,A,2262.966064307476
1544.0596857444925,4,26.255703433400324,C,1241.831094964275
3884.3677005683667,8,11.808166565350575,A,3187.7503094890867
3719.475561880474,8,21.45530550240412,A,2995.5616638242145
2725.54781450628,8,7.700268137955647,B,2217.985818240994
3134.562339776803,8,19.537895397593964,A,2569.7287494706748
2303.037937128231,7,29.89009987304741,B,1856.5829738254645
3390.633404314495,8,1.6799404097877733,A,2784.306712046839
2069.331908900361,6,19.261377678166472,B,1658.208299819053
1685.8435865981664,5,0.8636219318619067,C,1383.0743013978977
1472.6472542505567,4,11.836284949375795,C,1221.5707788389816
1292.165698951912,4,25.617140951135216,C,1027.5231905584792
2340.358951708369,7,11.909220970144785,B,1920.6604312129205
2008.19221239551,6,5.730787385115673,B,1660.1718175912538
2821.132171654084,8,1.7662877234361478,A,2311.3297709600115
544.9416882838229,2,17.98466615450477,C,460.2246870780103
2066.956655385523,6,10.623057797333589,B,1711.3446845296942
1778.1328039633697,6,16.09360206810691,B,1462.3682888666563
1183.891599550439,3,4.8702665478473435,C,1005.9641143071392
2582.0305485211848,7,8.741014518041215,B,2126.78367129944
2023.596045827256,6,11.44325929076251,B,1688.1484117268858
1549.9702631080245,5,,C,1246.633491853808
1232.9564243267685,4,21.202523863064464,C,1013.3988873166542
3561.184200172628,8,40.362359183357775,A,2849.6419580026486
3291.1181043250144,8,3.478238979709742,A,2702.933500238668
2623.4838683974267,8,5.471475054858855,B,2141.4931203424903
1707.8520253355225,5,40.26310356405821,C,1377.1337692766494
3813.8692684287694,8,4.894922761570365,A,3105.9757532332546
2471.8208107589094,8,12.672410008201574,B,2019.6144835513521
2014.6695886698321,6,4.2112064505603,B,1670.046378955956
3651.5735965147774,8,1.3459376617168155,A,2973.4474175132
1617.6963136565184,5,12.703563402096998,C,1318.8089698448296
2935.9820454682417,8,12.267027519251032,A,2389.6446773060534
1598.3711454182953,5,17.547646037797396,C,1299.4317244229387
1415.4356620913,4,3.7033601626782087,C,1187.107712756301
2952.943113252994,8,14.30430304342955,A,2404.239756269589
1297.621926175752,4,5.636134659906752,C,1072.5898706563423
2225.886130447083,6,20.875536530253985,B,1827.7988235029723
7590.29875671584,8,11.11665076041436,B,2080.9166599747996
1161.1722766406047,4,31.15541246199224,C,939.0098671908646
3059.3423042545564,8,,A,2494.196521599706
2419.690726186206,7,16.573027374332593,B,1959.9788079094822
2675.261408690782,8,34.10535758014658,B,2183.1528925342336
1802.5051087889046,6,29.425237199662263,B,1470.3523103053033
1970.6764097222185,6,20.014754023707436,B,1627.3561391085427
2231.9038727096968,7,31.721198676344784,B,1802.7201179752085
2144.8981934215944,6,7.448515886367859,B,1784.239567882596
2864.737279973681,8,33.55067248117577,A,2301.521817116481
2520.1212657366973,7,33.18782441069214,B,2047.9862219117038
1956.947250473632,5,10.720053352744628,B,1616.3451607968807
506.30823762386655,2,16.315885947419602,C,448.735330200903
3279.1087127142646,8,28.24120022252799,A,2646.9110571230317
2317.8447740051743,7,9.072271667108183,B,1909.4877058667257
1642.906323339445,5,2.2610183883928245,C,1349.6453954776405
2249.842578439179,6,24.706265333934017,B,1824.62927829382
827.0607672311633,3,11.144791680990231,C,694.3377742582337
3666.464253936735,8,66.65267433656072,A,2975.5966133507623
3964.076586545762,8,10.430953224069475,A,3216.1706927075447
705.5732613045404,2,57.7865392579468,C,526.571421603093
1753.809265069835,5,12.459530631432575,B,1446.0027572711797
3055.226022366792,8,21.944952475389155,A,2504.348109575498
4799.500377787768,5,,C,1364.3469821275714
2484.6741542755713,7,15.999213441350324,B,2015.7908175584034
1957.9983681026047,6,11.041737668148073,B,1601.5979658743654
3209.7425517080624,8,7.275580564432435,A,2628.8868119160497
11563.876210122355,8,5.000842679039997,A,3150.0038543999444
3609.383992108368,8,10.632940951012277,A,2920.213675631084
2673.2741282001734,8,4.324567335145308,B,2158.7349876819076
1060.9600943382443,3,,C,892.4921936354095
3814.7172915908195,8,9.572719683652332,A,3125.1336934502433
582.7135003512162,2,9.541131510506164,C,525.8537427296976
1541.983097473015,5,12.099077673355989,C,1268.7928471520263
1485.6472258520853,4,11.749653982332877,C,1245.108809387972
2851.3909360294665,8,21.316259453474103,A,2317.8537538522837
2205.77073125379,7,22.067600907106307,B,1777.0672706580274
825.1099206510653,3,8.29554878968655,C,697.9900253307894
545.0026071072563,2,15.83797055517305,C,482.3639061379693
2615.1051137077325,7,12.17107098986031,B,2139.292612272564
2220.1916631932413,6,31.21952937924982,B,1790.0707032958348
2604.837424691404,8,37.027107136823304,B,2100.114151939576
2474.0835235293707,8,1.2485218075194906,B,2042.678264511646
3616.60687904888,8,20.354923523337526,A,2935.809463353579
3714.3890025470887,8,18.880772962056536,A,3018.2729430919644
1158.9000638582775,4,,C,969.7574718201028
3797.4230431468695,8,32.213611482689004,A,3080.1728205406207
3257.0431921297427,8,12.991757360581035,A,2656.913818432617
2736.5918827803825,8,18.4762125710092,B,2224.711995099546
2808.6254362183226,8,11.891942668850696,A,2302.894904569736
2411.210804652249,7,,B,1985.6285332537843
3710.4215487499423,8,1.9933725697977034,A,3004.7321011310337
1316.4212217004856,4,9.63000116951308,C,1108.6659046325276
2597.6059729435333,8,3.5272351979777423,B,2159.1821572008616
3349.8507165507767,8,6.070200957938176,A,2737.8853856108344
971.6650806739549,3,26.315825560709985,C,804.8657756490352
2654.2789602560347,8,,B,2150.383349121029
1909.9171643535087,6,20.204012937702377,B,1573.6891717555081
3181.12719513199,8,17.731023872722528,A,2575.791796046271
737.000262171892,3,17.873847331073684,C,620.776362346592
2623.850333619712,8,18.103497768651202,B,2145.9055908400733
3499.775414953264,8,4.52510722407605,A,2847.5211657420555
2699.217518270817,8,12.236343610805324,B,2188.0100070845256
1624.6819340873226,5,31.773058400811063,C,1306.3668447951475
2795.2861957266123,8,7.565644449420468,A,2283.6181040879596
1683.5349495760377,5,10.507463509862268,C,1379.2950773071718
2840.074759435315,8,2.4611726979235486,A,2317.545412621564
949.2054050471872,2,0.5524992383536863,C,824.8612356813985
1479.9711046856244,4,18.38134661473366,C,1207.7803015796626
614.5143236892038,2,4.3731877081790484,C,542.8939699413864
793.6828613694179,3,26.37979101933375,C,628.816901219381
2441.6936693577727,8,35.84312677821353,B,1961.447581915696
1310.9437748730752,5,17.414853035512504,C,1101.6889749355762
2306.2890567320615,7,4.601340380147734,B,1886.2640904959633
2808.4933657549436,8,31.615249970578805,A,2278.029234491716
3584.1516277233322,8,24.566990353036026,A,2934.080939875912
1742.7135510598853,5,6.498929176817436,B,1446.2447104641178
1615.376382535608,5,25.557367138735533,C,1334.1007803328503
1597.8335954733282,5,4.786175917253144,C,1308.9850037414851
912.4737558353835,2,12.298639418975878,C,757.944092032743
2821.1417763004256,8,10.116447733282861,A,2308.7659620485356
3368.7910350302363,8,26.368567071845998,A,2720.172038485677
2155.5170130204606,7,7.371601132679263,B,1780.5917320690464
2454.040889319916,8,28.39644090114251,B,1962.4111097642826
3854.680397934664,8,10.531495649445109,A,3120.079634637093
2946.2031007837104,8,15.10418696226157,A,2423.336886113847
3107.6221032667813,8,2.3192666447866115,A,2549.980446507099
3613.2442505658496,8,16.691852716598387,A,2942.7380493567102
1255.267016294416,3,20.223288999447018,C,1055.0293514016616
2775.581204122417,8,,B,2212.718239470186
3010.8807686423775,8,20.00208690342801,A,2404.784431884213
3447.7977540323404,8,15.288588850195497,A,2831.2916516162
1703.2494110066302,5,13.177173910389794,C,1376.0647267060033
2910.781469995667,8,16.879145738537808,A,2374.378405564667
2615.40212030912,8,11.629370233524925,B,2113.7535857093135
1932.7636183793286,6,8.897366448901366,B,1556.9573487513494
855.9001497875715,3,12.99797000466639,C,717.6899605309167
1735.6695182409915,5,23.48470215652792,C,1417.041058885486
3872.196618421676,8,18.19235428062455,A,3128.2446334245305
1257.832255644795,4,10.111418866041156,C,1005.7119912618552
897.7329775586147,3,22.73031320937673,C,745.1612070382824
1786.8779865795273,5,9.364345680173114,B,1506.3814987671485
853.4327723709373,3,6.281146086330914,C,698.8863948961342
1435.19626142695,5,25.763382159845584,C,1178.3133832958658
3700.5964273602362,8,7.089719328444195,A,3020.7292045472145
1615.7372850595284,5,3.696040651484915,C,1310.0029487213694
2550.6133009138903,7,6.379718743435796,B,2107.5861765323016
1335.6067284423304,4,8.190424077604352,C,1111.0284880063791
2837.929735394767,8,15.922923332449342,A,2313.7301617686594
946.7973568270888,3,21.576871301557407,C,800.3181945176415
3264.332841464267,8,7.93456298343848,A,2667.058102872081
1980.3111567005749,6,14.310233419813594,B,1645.899802491798
1142.8113548200095,3,14.662025111759842,C,985.5981189364567
3153.8734797697184,8,86.26944143560164,A,2542.3237596545496
2439.988886595315,7,11.51280049147982,B,2004.4962426011894
2033.5075361583918,6,6.739560132325674,B,1669.897133531695
1342.1911463482063,5,3.2419400305459374,C,1142.6817841998218
3234.780626181512,8,0.7361641081671945,A,2633.347808674189
1778.4976984621119,6,4.170718459521265,B,1469.9822554904822
650.817417221085,2,,C,543.1597871608169
3878.79244445638,8,26.671087943272365,A,3133.2874916944534
606.6268284371326,1,23.902926107517036,C,495.91715386676543
921.6417716835596,3,11.877833307867279,C,786.2178547512923
2130.3438584838277,6,21.815878957042106,B,1733.4364086948297
1227.4922955017682,4,6.479749912782551,C,991.9340216275323
1672.972631551334,5,3.830927792535775,C,1401.1846998518251
2486.478346766692,7,11.711064098998174,B,2061.0884310784463
3852.446832906336,8,10.941606255003375,A,3125.453634323184
3777.0927849024565,8,25.361733438427155,A,3076.607313853051
758.6359154583233,2,19.253284277252508,C,625.8022610513344
3486.5977969099977,8,7.170658841137674,A,2830.7648200812005
1087.3827929628583,3,7.268831351367537,C,897.3545448386687
3340.015053761317,8,15.561662352216418,A,2742.8966622359453
1537.2152624686976,5,13.825523335569207,C,1283.695373959592
3012.4202504901436,8,18.470854471862495,A,2463.199754182019
3015.7762175963435,8,14.054441405679787,A,2445.579940488054
3476.9294091472425,8,25.628712367045487,A,2827.7826479732803
3928.6904709802275,8,,A,3184.7546041545656
1464.182985020506,5,7.479775158989423,C,1221.7512010169653
2699.079605360369,8,5.299334535733131,B,2204.7210018500496
3087.4127847296195,8,8.616270373654034,A,2516.047500017436
778.7026815146237,3,9.478006063579963,C,653.7457433821506
2820.364682190971,8,4.350082422950689,A,2284.975493349679
1625.3043035788678,5,1.2929750751819022,C,1322.3575545768217
1065.141649313328,3,7.80165052602022,C,890.4999751307155
2423.150452421657,7,27.226996124937695,B,1949.7285122765927
2116.592589771487,6,24.650328727972884,B,1736.0258946017443
2519.7794153596715,7,16.40894206595251,B,2073.7536499321927
2746.711566411749,8,17.307658946618172,B,2213.203650801096
2245.341014719756,7,7.272173603094647,B,1824.931896704238
3668.0274760369766,8,,A,2992.417713476334
1122.6996943685153,3,17.498141063901418,C,956.3256219354878
1510.770771532989,5,19.113134767191454,C,1223.8324436034313
1746.7757441302977,5,12.93152830316714,B,1449.3093130310567
3210.337070275313,8,42.997360228716516,A,2556.792022435324
2782.3434090308406,8,45.017952067177404,B,2218.089246572224
1222.47938021984,3,9.568013557547138,C,1023.5777680087514
3105.5466170787063,8,19.260745448770685,A,2522.4709021414837
3200.3796326736046,8,14.944157816009453,A,2614.621045665487
3195.845129503583,8,59.75316055630168,A,2551.568524952053
774.3051672276516,3,20.863881543584053,C,643.910672442436
1242.487020890204,4,37.19925340742309,C,998.5186108566012
3633.8475949641734,8,18.388872401564562,A,2970.262596399631
3578.0122095509873,8,0.3687357641893057,A,2925.6502410641947
1219.5043015883548,4,26.438892479449503,C,1006.4363309766626
2429.8148041015056,7,5.521176546055281,B,1992.859486981311
4258.174213700651,4,10.481948218722808,C,1173.9175003854239
1956.996700481458,6,21.25854261034423,B,1583.5799554813766
573.3069545684211,2,30.059609548346593,C,440.66976141450715
1486.160828578631,5,16.023209296933906,C,1212.8713917678692
1447.3831550606856,4,7.179451769976706,C,1200.2613803219301
3716.9567183322592,8,7.970293018233119,A,3021.316885497653
2557.895758214889,8,34.333252246342575,B,2072.717066685712
1121.3077270106553,3,18.800282564562266,C,911.9331486094771
1996.4758988946892,6,16.823763217049294,B,1615.507221845892
2225.276567664839,6,6.060703087371958,B,1810.2300453099915
2730.760410991197,8,16.94126309852773,B,2233.4756588285536
2363.567474469255,7,,B,1929.148629130661
1973.4744757052017,6,20.747894540346646,B,1613.2946426491515
1587.7755412135652,5,15.647782661229197,C,1279.5098528908143
2512.498280806607,8,11.287746906115688,B,2042.6486045031804
3915.412047847552,8,14.210204412985975,A,3179.0924090697813
2435.4543753517573,7,31.27508312513943,B,1986.104798121006
3604.5425135145556,8,13.71696084445149,A,2915.196760792104
553.4535231427717,1,33.210855254103755,C,430.1353879712016
1210.8409098804882,4,14.529731886173307,C,1000.003958009593
3526.687927630667,8,7.913388662091112,A,2878.080210890125
2493.1551394816925,8,18.818315532938705,B,2024.330641959102
2206.453275229635,7,17.9543407084111,B,1820.7808838070905
1790.8150103846503,6,6.739800962384489,B,1457.643696460726
1533.4299951132523,4,99.75339497733539,C,1236.4442393454306
2875.9042879374233,8,18.61417389447831,A,2342.2248522560594
1780.072694530001,6,28.87363951892717,B,1435.0798489841661
2023.3214759231523,6,14.39415195363828,B,1665.227791694913
3218.9690077465525,8,6.2430887070923875,A,2631.5548033378614
3811.640403822783,8,39.091731179975675,A,3062.456398554305
3977.7989869512594,8,10.390302986459762,A,3269.7280350784063
2197.203329524965,6,5.571994658555133,B,1794.990989240553
983.5916925017742,3,13.15496377516807,C,815.9365595462118
587.2326085228684,2,6.8311958350227755,C,517.7172098492377
2231.298469453309,7,10.98990817130398,B,1819.3512206557098
767.2424701986483,3,4.177211596346951,C,659.6012958355237
911.9957799382057,3,4.7863111245024506,C,785.4608024216797
1321.9367782144748,4,25.095180969446194,C,1079.4716476205115
3971.9758427952424,8,15.56597849305625,A,3233.8322474551983
1067.7999513219806,3,5.303627418456896,C,891.0381010773633
885.4624164909561,3,8.458465338996175,C,743.092763920879
3705.733210669331,8,8.830773596995634,A,3046.634884534437
2677.2440933349358,8,11.6920704938921,B,2193.6767695879303
3089.6524582279367,8,14.608310165162308,A,2532.5063408747856
1741.5670941462758,5,36.43685134506366,C,1388.5526934692166
3768.4137814621804,8,22.933739628956285,A,3047.7589326823336
3916.352223749739,8,16.034267972256103,A,3195.140179861155
2454.594956222547,7,10.445330568339358,B,2011.3659362033065
3953.940967847605,8,3.419611339381132,A,3204.2566796969854
2270.2802348656496,7,12.098457400170524,B,1847.0656133358382
2039.090993770489,6,,B,1680.6978607055464
3249.019005109655,8,,A,2663.572335726366
2754.866842656186,8,12.549478403850445,B,2255.724092038528
1201.8562483913252,4,15.636382181443542,C,980.1709900217471
2302.2875009848826,6,52.500123022719734,B,1837.4751858019727
557.6081082026963,1,81.03712642080905,C,492.23316474328294
3564.8094804711254,8,4.47689592298859,A,2885.3068738019133
2398.560601687299,6,40.964292413406795,B,1928.1416110982834
661.6545999020091,2,6.946022263007524,C,564.6903386692521
3782.1562412898406,8,13.72535538146645,A,3070.955144105663
3998.0276371991463,8,13.569592583364871,A,3232.678905045518
3080.5689885054117,8,6.0832708165416465,A,2526.753609918261
2009.6320883309818,6,0.5021734758201676,B,1659.8836431641632
2569.9674871218012,8,15.782933590820312,B,2084.4186832103255
535.8116575483455,1,9.471891403239002,C,494.0711963119849
879.5726305444991,3,5.382962666388765,C,740.5736895852633
1658.4980335967082,5,14.173568643745215,C,1338.2960642298665
1939.4404097101847,6,13.013967249518274,B,1613.2432052041763
3145.8209132494258,8,10.520384889118679,A,2589.20690677584
1097.55421805889,4,16.960402759104973,C,892.2039765058955
906.3665763356885,3,17.808239852954337,C,746.2083600566764
2941.123766580237,8,8.25005314287482,A,2404.286194160197
3608.1124199543747,8,10.363405866661129,A,2931.9731439580714
3578.835383041508,8,18.571582425864722,A,2883.9515078205627
3096.70670360993,8,3.785374460502738,A,2520.556826922666
3942.485550296348,8,7.337909960952353,A,3241.188911297794
2327.322373067722,7,9.198690971738952,B,1900.5797893388458
3210.640705414178,8,7.432668599805645,A,2615.506275310766
1960.1210203583169,6,44.530461726511085,B,1585.1452026636568
1736.3948121580584,5,24.208184833570822,C,1401.7317363732268
3687.8773225808827,8,5.824995512104224,A,2997.1165315283074
2007.4745131068096,5,5.633832270844422,B,1642.3603342327647
3112.6486293555763,8,16.477990862618963,A,2542.1644442825686
2239.5791549514615,7,6.385891815526158,B,1845.8853677569446
892.7452342391128,3,7.671452543877222,C,770.6182683251625
944.0662726729611,3,17.861355435246043,C,776.2365846251325
2285.429052144501,7,22.44949427031225,B,1879.7522753445235
2976.872642651296,8,,A,2430.1398949282734
3098.6947408563415,8,,A,2523.442315899819
1674.939792640081,5,14.876645690003127,C,1377.7825659861476
532.2373029879991,2,3.840399108169502,C,475.2175410755232
2366.7474917739,7,9.460957690204943,B,1945.0148448797163
1163.4844715527177,4,3.60712797212011,C,963.9801316427879
1620.4198863113845,5,12.285570836361941,C,1328.9256284686735
2482.5719801347796,8,14.586069637361359,B,2024.45665324463
1871.4154030877921,6,5.759936787069196,B,1560.0447453527502
2106.505727198457,6,21.880758658136106,B,1737.0570173103463
676.6063201366068,1,22.93749436702641,C,575.0846833426151
1140.5539519123322,3,4.5367745896355745,C,967.0603208048415
3446.634543131738,8,23.942161373330176,A,2809.0024168248087
2291.5849957785313,7,23.34350627282655,B,1882.6146451255024
3597.9119710880223,8,8.045047920975751,A,2926.7186191056653
3500.553503103089,8,26.34450879728956,A,2815.230922580741
1176.0949149453081,3,15.989168285332136,C,972.9814431172416
1898.5889372876056,6,47.06169416913218,B,1543.9304724571844
2340.2240502784935,7,4.7782113493201965,B,1906.5360740780575
841.3030237237399,2,20.44316674644371,C,683.0429977715
798.7465660426958,2,10.470893802554649,C,676.2637320651436
3445.2029544128873,8,9.920210212352847,A,2799.8612428791203
3393.4976705558533,8,29.413280930659347,A,2758.316164142341
1841.5127707509619,5,18.950026915758485,B,1510.5712014277608
2973.046387745071,8,13.015605440387985,A,2439.3753579877302
2312.765884774829,7,12.27958603686552,B,1898.9021001758351
3116.787319158036,8,8.049864732279735,A,2553.797619948086
1603.1478619654865,5,4.915034518304053,C,1307.9001748244211
2159.126777908216,7,5.909526765237205,B,1769.4668952037457
3625.34715749594,8,3.7788746351867295,A,2930.227539176726
3358.254246851755,8,7.7076570842211,A,2729.746881584417
1584.873143099206,5,26.486615814323855,C,1276.8510316845334
3586.1987829690897,8,15.914923728018309,A,2918.954772288804
1895.5162775467722,5,17.84501478742919,B,1536.6908245188624
2888.329806955391,8,6.788167179925215,A,2393.120647334474
2990.286927846549,8,93.9454146573512,A,2444.227855760316
1905.8973912375354,5,9.398671228276847,B,1557.1490824289392
3394.8283245467574,8,11.13986569404588,A,2738.881353058781
2128.731009765029,6,4.401377939593868,B,1732.659753342158
3862.4104570970826,8,20.439608753653744,A,3133.9926904678014
3778.4462716181297,8,1.286761107775031,A,3066.648608071884
10952.786880105048,8,6.847270955147127,A,2972.1520788065745
3679.2371136901293,8,5.894068460848515,A,3008.734756505623
1014.6629107960964,4,24.729204664312274,C,836.9193717159435
2769.169353867769,8,21.97958042218271,B,2258.9852651272104
3093.9008902895253,8,8.210991713436291,A,2509.958269242672
2350.6570853602634,7,22.057957156715574,B,1922.9485180761092
2352.27344981968,7,10.217472410018315,B,1938.945530668777
1205.0081798793253,3,5.460330494593559,C,1020.7252718082871
1062.752765848395,3,13.774763524366474,C,895.102129078563
3240.970152470028,8,9.571624801961802,A,2626.223078905061
1023.6195180765262,3,7.741297287759558,C,822.0487820021632
3048.6893995576593,8,2.412972505261005,A,2505.6055760651893
769.739707703975,2,88.81835215128875,C,678.0044165574027
1942.8823878473086,6,11.808708433796275,B,1587.6577900039435
584.0396602274462,2,4.197603202667536,C,499.55687402863543
2811.3043502288847,8,21.613867798368492,A,2289.809213946585
1525.2055657829808,5,10.29133792631308,C,1273.1387732063233
2136.950294998951,6,38.02393605108715,B,1734.046752669678
1502.5705199666609,5,4.2481751118744215,C,1228.3373801764612
2305.2105142492746,7,16.57618687116332,B,1876.8778956824895
2801.7636600279207,8,17.612836683215583,A,2275.9542399241154
3252.590267247493,2,12.591786514502255,C,909.984468900968
3219.671572464874,8,11.905924876762027,A,2636.9212405459853
3238.803782017635,8,36.643159543121165,A,2597.9910056709587
3797.579710807723,8,,A,3072.9920371551384
1832.4333400230512,6,3.4832521799452483,B,1525.250090456672
3555.9594171455647,8,12.666694834959046,A,2890.4712446199824
827.8992254101038,2,,C,678.6522187193452
3978.6720830186187,8,2.901122032963267,A,3236.864185811641
1242.7261619888902,4,5.811532125869839,C,1045.4448768651712
1808.472005437229,5,16.24207680292427,B,1481.2001698434544
827.2620917110723,2,7.162220495475856,C,700.6055590969585
3422.996069726451,8,13.778493916920478,A,2774.4472030294683
2200.7654244921837,7,6.435514430265971,B,1821.0179189209582
3868.405052900645,8,5.367275720082387,A,3144.7190530940125
1006.1549670567238,3,26.47616551612681,C,826.3149157876851
3621.376174816271,8,25.6773147972979,A,2933.0563812786822
1758.4114162631954,6,34.17622352257394,B,1419.1123890654862
1327.017392923618,4,7.13043346378769,C,1089.7545083529947
2799.9310430515534,8,31.190135597954747,A,2265.585237161623
605.6596424082136,2,2.1439777728252922,C,526.5729360332608
2339.1440368960743,8,26.72208607253788,B,1913.67554284056
2157.618158231481,7,22.763739047169086,B,1745.300101104775
669.7679640374156,2,3.7138000892769916,C,591.9637731717596
2019.63781627276,6,13.408835800100023,B,1676.9954049407418
1567.2171393051815,5,3.3508575333058754,C,1308.898915378545
1370.2686970762843,4,5.958018455175502,C,1149.5284657017505
3756.0281211957727,8,23.862760722867343,A,3036.731060245872
2594.0389574667565,8,29.608763983147647,B,2105.8544582902227
1039.5512602996469,3,13.151386704109914,C,872.158191868188
3149.960688673264,8,14.541192610492145,A,2542.832055152766
1793.4834156530262,5,27.84359908301506,B,1455.998736343555
2595.977323357047,8,19.891973340078483,B,2094.320689975972
1829.772269625932,6,2.6828750066373734,B,1492.2207793032298
2734.9104858533724,8,22.91294683300099,B,2219.6852692431316
2886.779631507621,8,9.319174074956374,A,2369.4346855835747
1492.369932120372,4,76.64678106102065,C,1141.5939825508108
3408.701906646396,8,6.710608192136733,A,2791.3332097867187
2663.4576238984023,8,9.345965126590357,B,2187.806335474892
2618.4400807760903,8,3.799298053104487,B,2151.358465893169
